{
    "Stock": "DIS",
    "Price": "105.51 ",
    "Change": "+0.08 ",
    "Change (%)": "+(0.08%) ",
    "Previous Close": "105.43 ",
    "Open": "105.00 ",
    "Bid": "105.06 x 900",
    "Ask": "105.45 x 3100",
    "Day's Range": "103.31 - 105.77 ",
    "52 Week Range": "83.91 - 123.74 ",
    "Volume": "12,661,580 ",
    "Avg. Volume": "8,421,798 ",
    "Market Cap (intraday)": "190.74B ",
    "Beta (5Y Monthly)": "1.41",
    "PE Ratio (TTM)": "34.26 ",
    "EPS (TTM)": "3.08 ",
    "Earnings Date": "May 5, 2025 - May 9, 2025",
    "Forward Dividend & Yield": "1.00 (0.95%)",
    "Ex-Dividend Date": "Jun 24, 2025",
    "1y Target Est": "127.07 "
}