[
    {
        "Stock": "DIS",
        "Price": "105.51 ",
        "Change": "+0.08 ",
        "Change (%)": "+(0.08%) ",
        "Previous Close": "105.43 ",
        "Open": "105.00 ",
        "Bid": "105.06 x 900",
        "Ask": "105.45 x 900",
        "Day's Range": "103.31 - 105.77 ",
        "52 Week Range": "83.91 - 123.74 ",
        "Volume": "12,661,580 ",
        "Avg. Volume": "8,421,798 ",
        "Market Cap (intraday)": "190.74B ",
        "Beta (5Y Monthly)": "1.41",
        "PE Ratio (TTM)": "34.26 ",
        "EPS (TTM)": "3.08 ",
        "Earnings Date": "May 5, 2025 - May 9, 2025",
        "Forward Dividend & Yield": "1.00 (0.95%)",
        "Ex-Dividend Date": "Jun 24, 2025",
        "1y Target Est": "127.07 "
    },
    {
        "Stock": "NFLX",
        "Price": "891.11 ",
        "Change": "-15.25 ",
        "Change (%)": "(-1.68%) ",
        "Previous Close": "906.36 ",
        "Open": "897.64 ",
        "Bid": "891.34 x 200",
        "Ask": "925.76 x 100",
        "Day's Range": "858.07 - 904.89 ",
        "52 Week Range": "542.01 - 1,064.50 ",
        "Volume": "7,699,938 ",
        "Avg. Volume": "3,899,164 ",
        "Market Cap (intraday)": "381.179B ",
        "Beta (5Y Monthly)": "1.38",
        "PE Ratio (TTM)": "44.85 ",
        "EPS (TTM)": "19.87 ",
        "Earnings Date": "Apr 16, 2025 - Apr 21, 2025",
        "Forward Dividend & Yield": "--",
        "Ex-Dividend Date": "--",
        "1y Target Est": "1,071.74 "
    },
    {
        "Stock": "WBD",
        "Price": "11.07 ",
        "Change": "+0.37 ",
        "Change (%)": "+(3.46%) ",
        "Previous Close": "10.70 ",
        "Open": "10.74 ",
        "Bid": "11.05 x 4800",
        "Ask": "11.11 x 9500",
        "Day's Range": "10.60 - 11.25 ",
        "52 Week Range": "6.64 - 12.70 ",
        "Volume": "48,144,512 ",
        "Avg. Volume": "32,408,384 ",
        "Market Cap (intraday)": "27.174B ",
        "Beta (5Y Monthly)": "1.49",
        "PE Ratio (TTM)": "-- ",
        "EPS (TTM)": "-4.62 ",
        "Earnings Date": "May 7, 2025 - May 12, 2025",
        "Forward Dividend & Yield": "--",
        "Ex-Dividend Date": "--",
        "1y Target Est": "13.57 "
    },
    {
        "Stock": "ROKU",
        "Price": "76.67 ",
        "Change": "-2.93 ",
        "Change (%)": "(-3.68%) ",
        "Previous Close": "79.60 ",
        "Open": "78.12 ",
        "Bid": "76.40 x 1100",
        "Ask": "76.96 x 1100",
        "Day's Range": "72.43 - 79.36 ",
        "52 Week Range": "48.33 - 104.96 ",
        "Volume": "5,741,268 ",
        "Avg. Volume": "3,375,833 ",
        "Market Cap (intraday)": "11.19B ",
        "Beta (5Y Monthly)": "2.12",
        "PE Ratio (TTM)": "-- ",
        "EPS (TTM)": "-0.89 ",
        "Earnings Date": "Apr 23, 2025 - Apr 28, 2025",
        "Forward Dividend & Yield": "--",
        "Ex-Dividend Date": "--",
        "1y Target Est": "103.59 "
    },
    {
        "Stock": "PARA",
        "Price": "12.14 ",
        "Change": "+0.38 ",
        "Change (%)": "+(3.23%) ",
        "Previous Close": "11.76 ",
        "Open": "11.75 ",
        "Bid": "12.11 x 7500",
        "Ask": "12.17 x 2100",
        "Day's Range": "11.71 - 12.53 ",
        "52 Week Range": "9.54 - 14.54 ",
        "Volume": "23,333,171 ",
        "Avg. Volume": "9,377,937 ",
        "Market Cap (intraday)": "8.574B ",
        "Beta (5Y Monthly)": "1.62",
        "PE Ratio (TTM)": "-- ",
        "EPS (TTM)": "-9.36 ",
        "Earnings Date": "Apr 28, 2025 - May 2, 2025",
        "Forward Dividend & Yield": "0.20 (1.65%)",
        "Ex-Dividend Date": "Mar 17, 2025",
        "1y Target Est": "13.04 "
    }
]